# 表的基本组成

每一张数据表可以粗略的理解为一个表格文件，而这张数据表又由3大部分组成：

- 表结构：字段、字段约束等信息
- 表记录：数据表中的每一行数据（不包含字段行）
- 元信息：字符编码、校对规则、存储引擎等信息

如下图所示：

![image-20211016231455126](https://images-1302522496.cos.ap-nanjing.myqcloud.com/img/image-20211016231455126.png)

# 表本身操作

## 创建数据表

语法介绍：

```
CREATE TABLE 库名.表名(
	字段名1 类型(宽度) 约束条件1, 约束条件2... COMMENT "字段描述信息",
	字段名2 类型(宽度) 约束条件1, 约束条件2... COMMENT "字段描述信息"
) ENGINE 存储引擎 CHARSET 字符编码 COLLATE 校对规则;
```

示例演示：

```
CREATE TABLE db1.students (
    id INT PRIMARY KEY AUTO_INCREMENT COMMENT "主键",
    name CHAR(32) NOT NULL COMMENT "姓名",
    age TINYINT UNSIGNED NOT NULL DEFAULT 0 COMMENT "年龄",
    gender ENUM("male", "female", "unknow") NOT NULL DEFAULT "unknow" COMMENT "性别",
    create_time DATETIME NOT NULL DEFAULT NOW() COMMENT "创建时间"
) ENGINE innodb CHARSET utf8mb4 COLLATE utf8mb4_general_ci;
```

以下是创建数据表的一些行为规范：

- 库名是可选项，如果不指定库名则你必须use到该库下
- 表名必须为小写字母，避免使用保留字符，不能使用数字开头，请使用和业务有关的表名
- 字段名是必须的，避免使用保留字符，且需要注意在同一张表中，字段名是不能重复的
- 字段类型是必须的，而字段的约束条件和类型宽度是可选的
- 主键字段是必须的，且尽量定义为与业务无关的数字列，最好是自增长的
- enum类型不要保存数字，最好只保存字符串类型
- 尽量为每个字段设置 NOT NULL + DEFAULT 约束 ，对于数字类型请使用0进行填充，按照具体情况酌情应用
- 外键字段不设置NOT NULL，对于字符类的特殊字段如name等不设置DEFAULT，按照具体情况酌情应用
- 字段的描述信息是必须的，这有助于后期的维护工作
- 表中最后一个字段不要加逗号，新手可能会常常忽略这个问题
- 必须为表设置存储引擎与字符集，可以不设置校对规则，但是个人建议还是设置



## 查看数据表

查看数据表，3个基本命令：

```
# 必须进入某个数据库后方可使用，查看该库下所有数据表
SHOW TABLES;

# 查看表的创建信息，能够获取到表结构及元信息     
SHOW CREATE TABLE 表名;

# 查看表结构，仅能够获取到表结构 
DESC 表名;
```

示例演示：

```
> USE db1;
Database changed
> SHOW TABLES;
+---------------+
| Tables_in_db1 |
+---------------+
| students      |
+---------------+
1 row in set (0.00 sec)

> SHOW CREATE TABLE students\G;
*************************** 1. row ***************************
       Table: students
Create Table: CREATE TABLE `students` (
  `id` int(11) NOT NULL AUTO_INCREMENT COMMENT '主键',
  `name` char(32) NOT NULL COMMENT '姓名',
  `age` tinyint(3) unsigned NOT NULL DEFAULT '0' COMMENT '年龄',
  `gender` enum('male','female','unknow') NOT NULL DEFAULT 'unknow' COMMENT '性别',
  `create_time` datetime NOT NULL DEFAULT CURRENT_TIMESTAMP COMMENT '创建时间',
  PRIMARY KEY (`id`)
) ENGINE=InnoDB DEFAULT CHARSET=utf8mb4
1 row in set (0.00 sec)

ERROR:
No query specified

> DESC students;
+-------------+--------------------------------+------+-----+-------------------+----------------+
| Field       | Type                           | Null | Key | Default           | Extra          |
+-------------+--------------------------------+------+-----+-------------------+----------------+
| id          | int(11)                        | NO   | PRI | NULL              | auto_increment |
| name        | char(32)                       | NO   |     | NULL              |                |
| age         | tinyint(3) unsigned            | NO   |     | 0                 |                |
| gender      | enum('male','female','unknow') | NO   |     | unknow            |                |
| create_time | datetime                       | NO   |     | CURRENT_TIMESTAMP |                |
+-------------+--------------------------------+------+-----+-------------------+----------------+
5 rows in set (0.00 sec)
```



## 修改表名字

使用以下命令格式修改表名：

```
ALTER TABLE 旧表名 RENAME 新表名;
```

示例演示：

```
> ALTER TABLE students RENAME new_students;
Query OK, 0 rows affected (0.01 sec)

> SHOW TABLES;
+---------------+
| Tables_in_db1 |
+---------------+
| new_students  |
+---------------+
1 row in set (0.00 sec)
```



## 清空数据表

使用以下命令可将表中所有记录清空，并且对部分结构进行重置，如自增字段会恢复至初始值：

```
TRUNCATE 表名;
```

示例演示，注意观察自增ID、它将恢复从1开始排列：

```
> INSERT INTO
    ->     new_students(name, age, gender)
    -> VALUES
    ->     ("Jack", 19, "male"),
    ->     ("Ken", 22, "male"),
    ->     ("Mary", 18, "female");
Query OK, 3 rows affected (0.01 sec)
Records: 3  Duplicates: 0  Warnings: 0

> SELECT * FROM new_students;
+----+------+-----+--------+---------------------+
| id | name | age | gender | create_time         |
+----+------+-----+--------+---------------------+
|  1 | Jack |  19 | male   | 2021-10-17 02:40:58 |
|  2 | Ken  |  22 | male   | 2021-10-17 02:40:58 |
|  3 | Mary |  18 | female | 2021-10-17 02:40:58 |
+----+------+-----+--------+---------------------+
3 rows in set (0.00 sec)

> TRUNCATE new_students;
Query OK, 0 rows affected (0.01 sec)

> INSERT INTO
    ->     new_students(name, age, gender)
    -> VALUES
    ->     ("Anna", 21, "female");
Query OK, 1 row affected (0.00 sec)

> SELECT * FROM new_students;
+----+------+-----+--------+---------------------+
| id | name | age | gender | create_time         |
+----+------+-----+--------+---------------------+
|  1 | Anna |  21 | female | 2021-10-17 02:42:07 |
+----+------+-----+--------+---------------------+
1 row in set (0.00 sec)
```





## 删除数据表

使用以下命令可删除某张数据表，但是删表是生产中的禁用操作，所以这里不再进行演示：

```
DROP TABLE 表名;
```

或者：

```
DROP TABLES 表1, 表2...;
```



# 表字段操作

## 新增字段

新增字段的3种语法格式：

```
# 新增单个字段，排在最前面
ALTER TABLE 表名
    ADD 新字段名 数据类型(宽度) 约束条件1, 约束条件2... COMMENT "字段描述信息" FIRST;
    
# 新增单个字段，排在某个字段后面
ALTER TABLE 表名
    ADD 新字段名 数据类型(宽度) 约束条件1, 约束条件2... COMMENT "字段描述信息" AFTER 旧字段名;
    
# 新增多个字段，排在最后面
ALTER TABLE 表名
    ADD 新字段名1 数据类型(宽度) 约束条件1, 约束条件2... COMMENT "字段描述信息",
    ADD 新字段名2 数据类型(宽度) 约束条件1, 约束条件2... COMMENT "字段描述信息";
```

示例演示，先创建表：

```
CREATE TABLE db1.test_table (
    field2 CHAR(32) NOT NULL DEFAULT "field2" COMMENT "字段2",
    field3 CHAR(32) NOT NULL DEFAULT "field3" COMMENT "字段3"
) ENGINE innodb CHARSET utf8mb4 COLLATE utf8mb4_general_ci;
```

新增单个字段id，排在最前面：

```
ALTER TABLE db1.test_table
    ADD id INT PRIMARY KEY AUTO_INCREMENT COMMENT "主键"  FIRST;
```

新增单个字段field1，排在id字段后面：

```
ALTER TABLE test_table
    ADD field1 CHAR(32) NOT NULL DEFAULT "field1" COMMENT "字段1" AFTER id;
```

新增多个字段field4、field5，排在最后面

```
ALTER TABLE test_table
    ADD field4 CHAR(32) NOT NULL DEFAULT "field4" COMMENT "字段4",
    ADD field5 CHAR(32) NOT NULL DEFAULT "field5" COMMENT "字段5";
```

查看表结构：

```
> DESC test_table;
+--------+----------+------+-----+---------+----------------+
| Field  | Type     | Null | Key | Default | Extra          |
+--------+----------+------+-----+---------+----------------+
| id     | int(11)  | NO   | PRI | NULL    | auto_increment |
| field1 | char(32) | NO   |     | field1  |                |
| field2 | char(32) | NO   |     | field2  |                |
| field3 | char(32) | NO   |     | field3  |                |
| field4 | char(32) | NO   |     | field4  |                |
| field5 | char(32) | NO   |     | field5  |                |
+--------+----------+------+-----+---------+----------------+
6 rows in set (0.00 sec)
```



## 修改字段

修改字段的3种语法格式：

```
# MODIFY仅能修改数据类型与完整性约束条件
ALTER TABLE 表名
	MODIFY 被修改的字段名 数据类型(宽度) 约束条件1，约束条件2... COMMENT "字段描述信息";

# CHANGE更加强大，相比于MODIFY还支持修改字段名
ALTER TABLE 表名
	CHANGE 旧字段名 新字段名 数据类型(宽度) 约束条件1，约束条件2... COMMENT "字段描述信息";
	
# 同时修改多个字段，可混用MODIFY和CHANGE
ALTER TABLE 表名
	MODIFY ...,
	CHANGE ...;
```

示例演示：

```
ALTER TABLE test_table
    MODIFY field1 VARCHAR(64) NOT NULL DEFAULT "field1" COMMENT "字段1",
    MODIFY field2 VARCHAR(64) NOT NULL DEFAULT "field2" COMMENT "字段2",
    CHANGE field3 new_field3 VARCHAR(64) NOT NULL DEFAULT "field3" COMMENT "字段3";
```



## 删除字段

使用以下命令格式删除表中的某一个字段：

```
ALTER TABLE 表名 DROP 字段名;
```

如下所示，删除test_table的field5字段：

```
> ALTER TABLE test_table DROP field5;
```



## 混用操作

新增字段、修改字段、删除字段其实可以混用，如下示例：

```
ALTER TABLE test_table
    ADD new_filed CHAR(64) NOT NULL DEFAULT "new field" COMMENT "新字段",
    MODIFY field1 VARCHAR(128) NOT NULL DEFAULT "field1" COMMENT "字段1",
    DROP field4;
```



# 表元信息操作

## 修改存储引擎

使用以下命令格式修改表的存储引擎：

```
ALTER TABLE 表名 ENGINE = 存储引擎;
```



## 修改字符集

使用以下命令格式修改表的字符集：

```
ALTER TABLE 表名 CHARSET = 字符集;
```



## 修改校对规则

使用以下命令格式修改表的校对规则：

```
ALTER TABLE 表名 COLLATE = 校对规则;
```



## 混用操作

修改存储引擎、字符集、校对规则其实可以混用，如下示例：

```
ALTER TABLE test_table
    ENGINE = innodb,
    CHARSET = utf8mb4,
    COLLATE = utf8mb4_general_ci;
```

实际上ALTER TABLE系列的都可以混用，表结构、表元信息等都可以一次性进行修改，但是这样使用的常见很少，故不再举例。

# 复制旧表创建新表

## 结构复制创建

使用以下命令格式只复制表的结构而不复制表的记录，用于创建新的一张表：

```
CREATE TABLE 新表名 LIKE 旧表名;
```



## 基础复制创建

使用以下命令格式可以复制基础表结构与所有记录，但不会复制主键、外键、索引，用于创建新的一张表：

```
CREATE TABLE 新表名 SELECT * FROM 旧表名;
```



## 选择复制创建

使用以下命令格式可以对一张表的某些记录与字段进行选择性复制，但不会复制主键、外键、索引，用于创建新的一张表：

```
CREATE TABLE 新表名 SELECT 字段1, 字段2 FROM 旧表名;
```