# 准备数据

视图（View）常用于多表查询中，因此在开始之前我们需要准备一些数据。

注意下面的2张表中并没有FOREIGN KEY对它们进行物理层面的约束，但是逻辑层面上这2张表是有关联的，因此在插入数据时必须小心，如果操纵不当可能会产生非法数据。

表结构如下所示：

```
-- 创建部门表
CREATE TABLE department (
    id INT PRIMARY KEY AUTO_INCREMENT COMMENT "主键",
    did INT UNIQUE NOT NULL COMMENT "部门编号",
    name CHAR(64) UNIQUE NOT NULL COMMENT "部门名称"
) ENGINE innodb CHARSET utf8mb4 COLLATE utf8mb4_general_ci;

-- 创建员工表
CREATE TABLE staff (
    id INT PRIMARY KEY AUTO_INCREMENT COMMENT "主键",
    sid INT UNIQUE NOT NULL COMMENT "员工编号",
    name CHAR(64) NOT NULL COMMENT "员工姓名",
    age TINYINT UNSIGNED NOT NULL DEFAULT 18 COMMENT "员工年龄",
    gender BOOLEAN NOT NULL DEFAULT 1 COMMENT "员工性别",
    salary DECIMAL(10, 2) NOT NULL DEFAULT 0 COMMENT "员工薪资(月)",
    department_id INT NOT NULL COMMENT "所属部门"
) ENGINE innodb CHARSET utf8mb4 COLLATE utf8mb4_general_ci;
```

表数据如下所示：

```
INSERT INTO
    department(did, name)
VALUES
    (100, "Management"),
    (200, "Finance"),
    (300, "Technical"),
    (400, "Sales"),
    (500, "Logistics");

INSERT INTO
    staff(sid, name, age, gender, salary, department_id)
VALUES
    (1001, "Jack", 32, 1, 21000.00, 1),
    (1002, "Tom", 30, 1, 18300.00, 1),
    (1003, "Ken", 34, 1, 8000.00, 2),
    (1004, "Anni", 28, 0, 8000.00, 2),
    (1005, "Benjamin", 26, 1, 12000.00, 3),
    (1006, "David", 21, 1, 10000.00, 3),
    (1007, "Mary", 26, 0, 6800.00, 4),
    (1008, "Jason", 24, 1, 8000.00, 4),
    (9999, "Tomson", 38, 1, 99999.00, 0);

-- 注意！Logistics（后勤部）没有任何员工
-- 而Tomson不属于任何部门，因为他是老板
```

# 视图概念

视图其实就是持久化的保存多表查询的临时表结果，避免了每次查询相同数据时需要重复输入很多SQL语句的弊端。

如下所示，不使用视图我们每次查询以下数据时都会输入大量的SQL语句：

```
SELECT
    r.id,
    r.sid,
    r.name,
    r.age,
    r.gender,
    r.salary,
    l.name,
    l.did
FROM
    department AS l
    INNER JOIN
    staff AS r
    ON l.id = r.department_id;
    
+----+------+----------+-----+--------+----------+------------+-----+
| id | sid  | name     | age | gender | salary   | name       | did |
+----+------+----------+-----+--------+----------+------------+-----+
|  1 | 1001 | Jack     |  32 |      1 | 21000.00 | Management | 100 |
|  2 | 1002 | Tom      |  30 |      1 | 18300.00 | Management | 100 |
|  3 | 1003 | Ken      |  34 |      1 |  8000.00 | Finance    | 200 |
|  4 | 1004 | Anni     |  28 |      0 |  8000.00 | Finance    | 200 |
|  5 | 1005 | Benjamin |  26 |      1 | 12000.00 | Technical  | 300 |
|  6 | 1006 | David    |  21 |      1 | 10000.00 | Technical  | 300 |
|  7 | 1007 | Mary     |  26 |      0 |  6800.00 | Sales      | 400 |
|  8 | 1008 | Jason    |  24 |      1 |  8000.00 | Sales      | 400 |
+----+------+----------+-----+--------+----------+------------+-----+
```



# 创建视图

在开发过程中应当尽量少的去应用视图，因为视图极为依赖真实表数据，过度的使用视图会使程序耦合度极大的提升。

另外，在创建视图时不应该出现虚拟表中多列字段同名的情况，这会抛出异常1064。

以下是创建视图的基本语法格式：

```
CREATE VIEW 视图表名称 AS
	SQL语句;
```

以下示例中将展示如何为上述结构的虚拟表创建出视图，由于staff的name和department的name相同，所以我们需要AS一个别名:

```
CREATE VIEW dep_staff_view AS
    SELECT
        r.id AS staff_id,
        r.sid AS staff_sid,
        r.name AS staff_name,
        r.age AS staff_age,
        r.gender AS staff_gender,
        r.salary AS staff_salary,
        l.name AS department_name,
        l.did AS department_did 
    FROM
        department AS l
        INNER JOIN
        staff AS r
        ON l.id = r.department_id;
```

视图其实会按照查询的语句创建一个只有表结构，但没有表数据的视图表。

每一次使用视图查询时都会重复执行定义视图时的SQL语句来从物理表中获得数据。



# 查看视图

使用以下命令查看视图创建情况：

```
> SHOW CREATE VIEW dep_staff_view\G;
*************************** 1. row ***************************
                View: dep_staff_view
         Create View: CREATE ALGORITHM=UNDEFINED DEFINER=`root`@`%` SQL SECURITY DEFINER VIEW `dep_staff_view` AS select `r`.`id` AS `staff_id`,`r`.`sid` AS `staff_sid`,`r`.`name` AS `staff_name`,`r`.`age` AS `staff_age`,`r`.`gender` AS `staff_gender`,`r`.`salary` AS `staff_salary`,`l`.`name` AS `department_name`,`l`.`did` AS `department_did` from (`department` `l` join `staff` `r` on((`l`.`id` = `r`.`department_id`)))
character_set_client: utf8mb4
collation_connection: utf8mb4_general_ci
1 row in set (0.00 sec)
```



# 使用视图

视图表的使用应该仅限于查询，不应该对视图表进行插入或更新操作，虽然视图表可以当作正常物理表一样进行使用。

示例演示，正确使用视图进行查询：

```
> SELECT staff_sid, staff_name, staff_salary, department_name, department_did FROM dep_staff_view;
+-----------+------------+--------------+-----------------+----------------+
| staff_sid | staff_name | staff_salary | department_name | department_did |
+-----------+------------+--------------+-----------------+----------------+
|      1001 | Jack       |     21000.00 | Management      |            100 |
|      1002 | Tom        |     18300.00 | Management      |            100 |
|      1003 | Ken        |      8000.00 | Finance         |            200 |
|      1004 | Anni       |      8000.00 | Finance         |            200 |
|      1005 | Benjamin   |     12000.00 | Technical       |            300 |
|      1006 | David      |     10000.00 | Technical       |            300 |
|      1007 | Mary       |      6800.00 | Sales           |            400 |
|      1008 | Jason      |      8000.00 | Sales           |            400 |
+-----------+------------+--------------+-----------------+----------------+
```

当物理表数据发生改变后，视图表中的数据也会发生改变：

```
> -- 查看视图表中Jack的工资情况
> SELECT staff_sid, staff_name, staff_salary, department_name, department_did FROM dep_staff_view WHERE staff_sid = 1001;
+-----------+------------+--------------+-----------------+----------------+
| staff_sid | staff_name | staff_salary | department_name | department_did |
+-----------+------------+--------------+-----------------+----------------+
|      1001 | Jack       |     21000.00 | Management      |            100 |
+-----------+------------+--------------+-----------------+----------------+
1 row in set (0.00 sec)

> -- 修改物理表中Jack的工资
> UPDATE
    ->     staff
    -> SET
    ->     salary = 19800
    -> WHERE
    ->     sid = 1001;
Query OK, 1 row affected (0.00 sec)
Rows matched: 1  Changed: 1  Warnings: 0

> -- 再次查看视图表中Jack的工资情况
> SELECT staff_sid, staff_name, staff_salary, department_name, department_did FROM dep_staff_view WHERE staff_sid = 1001;
+-----------+------------+--------------+-----------------+----------------+
| staff_sid | staff_name | staff_salary | department_name | department_did |
+-----------+------------+--------------+-----------------+----------------+
|      1001 | Jack       |     19800.00 | Management      |            100 |
+-----------+------------+--------------+-----------------+----------------+
```

# 视图引用

视图表引用的是物理表中的数据，虽然不建议对视图表本身进行增删改等操作，但是视图表可以将引用修改为另一张物理表。

语法格式如下：

```
ALTER VIEW 视图表名称 AS
    SQL语句;
```



# 删除视图

对视图表的删除语法如下：

```
DROP VIEW 视图表名称;
```

